Date,Open,High,Low,Close,Volume,Dividends,Stock Splits,symbol
2026-05-04 00:00:00+05:30,1426.8030702776819,1460.6465916696056,1426.8030702776819,1456.3663330078125,24035700,0.0,0.0,RELIANCE.NS
2026-05-05 00:00:00+05:30,1453.280606341501,1466.6189594959255,1443.3266295857375,1456.864013671875,23543341,0.0,0.0,RELIANCE.NS
2026-05-06 00:00:00+05:30,1456.2668061036345,1466.519450812893,1420.9301884572374,1431.2823486328125,14221786,0.0,0.0,RELIANCE.NS
2026-05-07 00:00:00+05:30,1432.1782190445704,1442.828925531327,1423.717338832762,1429.590087890625,19816903,0.0,0.0,RELIANCE.NS
2026-05-08 00:00:00+05:30,1419.4371163507371,1436.1598462687914,1410.9762359236815,1428.5947265625,8663105,0.0,0.0,RELIANCE.NS
2026-05-11 00:00:00+05:30,1413.4647305422184,1421.427912122738,1375.6396180347506,1381.81103515625,15261787,0.0,0.0,RELIANCE.NS
2026-05-12 00:00:00+05:30,1385.593546668805,1387.0866431630602,1354.0394893602804,1357.722412109375,24357500,0.0,0.0,RELIANCE.NS
2026-05-13 00:00:00+05:30,1355.1343963286624,1366.0837705701026,1346.1758174038478,1352.54638671875,13797989,0.0,0.0,RELIANCE.NS
2026-05-14 00:00:00+05:30,1358.9168476375535,1371.6579863902991,1352.148216400817,1355.5325927734375,17303059,0.0,0.0,RELIANCE.NS
2026-05-15 00:00:00+05:30,1350.5556491178086,1358.5188307246153,1323.082575367519,1330.24951171875,19976192,0.0,0.0,RELIANCE.NS
2026-05-18 00:00:00+05:30,1327.860551095503,1335.8237328112184,1312.6309174607939,1329.7518310546875,13022473,0.0,0.0,RELIANCE.NS
2026-05-19 00:00:00+05:30,1332.5387892026445,1337.8144453658963,1312.3322897558653,1316.6124267578125,21665501,0.0,0.0,RELIANCE.NS
2026-05-20 00:00:00+05:30,1312.6308349443716,1356.6274840630256,1306.558933569541,1353.442138671875,13248515,0.0,0.0,RELIANCE.NS
2026-05-21 00:00:00+05:30,1360.9076465750106,1364.590690861155,1339.0088978228712,1343.388671875,17150630,0.0,0.0,RELIANCE.NS
2026-05-22 00:00:00+05:30,1343.7868238683554,1361.106767233248,1342.8909416840763,1348.26611328125,7105813,0.0,0.0,RELIANCE.NS
2026-05-25 00:00:00+05:30,1360.5095872329855,1364.7897243191815,1350.7546414401118,1360.7086181640625,6750071,0.0,0.0,RELIANCE.NS
2026-05-26 00:00:00+05:30,1353.8404218493883,1362.2017870434288,1346.1759079681497,1350.0579833984375,13769747,0.0,0.0,RELIANCE.NS
2026-05-27 00:00:00+05:30,1346.7730400596713,1354.736221375619,1342.393266034199,1344.2845458984375,13215138,0.0,0.0,RELIANCE.NS
2026-05-28 00:00:00+05:30,1344.2845458984375,1344.2845458984375,1344.2845458984375,1344.2845458984375,0,0.0,0.0,RELIANCE.NS
2026-05-29 00:00:00+05:30,1357.7224546740495,1362.6994431442622,1310.9387630540493,1315.119384765625,42634247,0.0,0.0,RELIANCE.NS
2026-06-01 00:00:00+05:30,1326.3673976551404,1329.353590670499,1312.4318302501333,1313.9249267578125,10700603,0.0,0.0,RELIANCE.NS
2026-06-02 00:00:00+05:30,1301.6815361898255,1321.689127358814,1294.3156903458798,1308.5498046875,23302785,0.0,0.0,RELIANCE.NS
2026-06-03 00:00:00+05:30,1308.9480145168118,1317.906594083847,1295.0124463014238,1307.15625,20012293,0.0,0.0,RELIANCE.NS
2026-06-04 00:00:00+05:30,1295.0124259474096,1305.1654340270677,1287.1487597049047,1297.699951171875,23474327,0.0,0.0,RELIANCE.NS
2026-06-05 00:00:00+05:30,1304.5,1306.0,1288.0,1291.0,17785223,6.0,0.0,RELIANCE.NS
2026-06-08 00:00:00+05:30,1277.0,1282.5999755859375,1259.199951171875,1263.300048828125,16494759,0.0,0.0,RELIANCE.NS
2026-06-09 00:00:00+05:30,1269.0,1274.199951171875,1257.5,1269.199951171875,23620214,0.0,0.0,RELIANCE.NS
2026-06-10 00:00:00+05:30,1275.0,1300.5,1254.4000244140625,1258.800048828125,21012796,0.0,0.0,RELIANCE.NS
2026-06-11 00:00:00+05:30,1258.0,1276.0,1253.199951171875,1263.0,13117486,0.0,0.0,RELIANCE.NS
2026-06-12 00:00:00+05:30,1277.0,1297.0,1262.5,1293.0,11988785,0.0,0.0,RELIANCE.NS
2026-06-15 00:00:00+05:30,1315.300048828125,1325.0,1303.300048828125,1307.0,18633321,0.0,0.0,RELIANCE.NS
2026-06-16 00:00:00+05:30,1313.4000244140625,1333.4000244140625,1306.4000244140625,1328.800048828125,18513223,0.0,0.0,RELIANCE.NS
2026-06-17 00:00:00+05:30,1333.0,1334.0,1317.0,1332.699951171875,10029170,0.0,0.0,RELIANCE.NS
2026-06-18 00:00:00+05:30,1330.0,1333.9000244140625,1322.0,1328.0999755859375,15494549,0.0,0.0,RELIANCE.NS
2026-06-19 00:00:00+05:30,1328.0,1338.199951171875,1305.300048828125,1309.5,24887034,0.0,0.0,RELIANCE.NS
2026-06-22 00:00:00+05:30,1316.699951171875,1344.9000244140625,1314.0999755859375,1331.0999755859375,10723749,0.0,0.0,RELIANCE.NS
2026-05-04 00:00:00+05:30,2460.6360738276094,2464.8785979918853,2392.559133533261,2398.77490234375,2632358,0.0,0.0,TCS.NS
2026-05-05 00:00:00+05:30,2397.4922011892513,2427.485422911908,2379.9302759850466,2394.828369140625,3385720,0.0,0.0,TCS.NS
2026-05-06 00:00:00+05:30,2409.2328690917466,2437.9436740268407,2374.306536440952,2402.81982421875,3147628,0.0,0.0,TCS.NS
2026-05-07 00:00:00+05:30,2405.582406456141,2407.0623398832377,2365.9202387848723,2369.274658203125,5829594,0.0,0.0,TCS.NS
2026-05-08 00:00:00+05:30,2365.920344937355,2374.7999458983372,2343.326789953136,2362.368408203125,3792199,0.0,0.0,TCS.NS
2026-05-11 00:00:00+05:30,2339.2814955090735,2382.6928771212197,2339.2814955090735,2360.888427734375,1975188,0.0,0.0,TCS.NS
2026-05-12 00:00:00+05:30,2343.2279819983573,2343.2279819983573,2252.4587296430527,2269.52734375,6347884,0.0,0.0,TCS.NS
2026-05-13 00:00:00+05:30,2275.1510766173806,2278.308219875756,2238.6460506699204,2242.395263671875,3171843,0.0,0.0,TCS.NS
2026-05-14 00:00:00+05:30,2234.6996825737074,2234.6996825737074,2176.883514966109,2215.953857421875,5633313,0.0,0.0,TCS.NS
2026-05-15 00:00:00+05:30,2221.873423006846,2274.06564640704,2221.873423006846,2233.712890625,3410637,0.0,0.0,TCS.NS
2026-05-18 00:00:00+05:30,2233.7129057172556,2262.226194073794,2222.070714305826,2252.656005859375,3773336,0.0,0.0,TCS.NS
2026-05-19 00:00:00+05:30,2269.2314317901273,2345.793423403843,2266.3703232911885,2295.968994140625,10394707,0.0,0.0,TCS.NS
2026-05-20 00:00:00+05:30,2292.8114703818346,2310.669430390967,2286.793218866712,2296.2646484375,2537422,0.0,0.0,TCS.NS
2026-05-21 00:00:00+05:30,2299.816595750975,2304.650948701518,2283.0440165455843,2296.0673828125,3299087,0.0,0.0,TCS.NS
2026-05-22 00:00:00+05:30,2299.9154856057353,2308.696328282268,2277.223171267918,2286.300048828125,2617262,0.0,0.0,TCS.NS
2026-05-25 00:00:00+05:30,2325.0,2326.10009765625,2293.0,2308.199951171875,3298364,31.0,0.0,TCS.NS
2026-05-26 00:00:00+05:30,2308.199951171875,2327.89990234375,2272.39990234375,2276.199951171875,3587597,0.0,0.0,TCS.NS
2026-05-27 00:00:00+05:30,2275.0,2295.60009765625,2260.89990234375,2284.199951171875,2653950,0.0,0.0,TCS.NS
2026-05-28 00:00:00+05:30,2284.199951171875,2284.199951171875,2284.199951171875,2284.199951171875,0,0.0,0.0,TCS.NS
2026-05-29 00:00:00+05:30,2291.0,2334.0,2235.0,2258.89990234375,16331582,0.0,0.0,TCS.NS
2026-06-01 00:00:00+05:30,2284.0,2335.0,2280.0,2297.39990234375,7505095,0.0,0.0,TCS.NS
2026-06-02 00:00:00+05:30,2320.0,2457.39990234375,2316.199951171875,2446.89990234375,11306127,0.0,0.0,TCS.NS
2026-06-03 00:00:00+05:30,2393.0,2393.0,2224.800048828125,2241.699951171875,15660062,0.0,0.0,TCS.NS
2026-06-04 00:00:00+05:30,2241.699951171875,2253.10009765625,2216.60009765625,2241.0,4867263,0.0,0.0,TCS.NS
2026-06-05 00:00:00+05:30,2262.89990234375,2271.800048828125,2192.0,2198.89990234375,5019717,0.0,0.0,TCS.NS
2026-06-08 00:00:00+05:30,2170.0,2177.0,2143.300048828125,2151.39990234375,6536734,0.0,0.0,TCS.NS
2026-06-09 00:00:00+05:30,2174.0,2174.0,2132.800048828125,2151.0,4148655,0.0,0.0,TCS.NS
2026-06-10 00:00:00+05:30,2151.300048828125,2180.800048828125,2144.800048828125,2153.89990234375,2848650,0.0,0.0,TCS.NS
2026-06-11 00:00:00+05:30,2127.0,2154.60009765625,2110.0,2135.60009765625,3079815,0.0,0.0,TCS.NS
2026-06-12 00:00:00+05:30,2150.0,2168.0,2138.0,2161.39990234375,2124656,0.0,0.0,TCS.NS
2026-06-15 00:00:00+05:30,2192.0,2192.0,2159.300048828125,2162.0,3337083,0.0,0.0,TCS.NS
2026-06-16 00:00:00+05:30,2167.0,2209.0,2160.60009765625,2199.0,3079898,0.0,0.0,TCS.NS
2026-06-17 00:00:00+05:30,2209.0,2231.0,2200.699951171875,2223.0,2865010,0.0,0.0,TCS.NS
2026-06-18 00:00:00+05:30,2209.0,2214.0,2182.0,2203.300048828125,3735188,0.0,0.0,TCS.NS
2026-06-19 00:00:00+05:30,2105.0,2138.0,2059.89990234375,2125.0,13286502,0.0,0.0,TCS.NS
2026-06-22 00:00:00+05:30,2132.199951171875,2157.0,2125.699951171875,2133.60009765625,3047354,0.0,0.0,TCS.NS
2026-05-04 00:00:00+05:30,1169.6886601132755,1169.6886601132755,1140.5198072387318,1143.652099609375,7735811,0.0,0.0,INFY.NS
2026-05-05 00:00:00+05:30,1144.728787187228,1160.0961972461241,1135.5278649580357,1153.1466064453125,8164108,0.0,0.0,INFY.NS
2026-05-06 00:00:00+05:30,1161.8580797644604,1166.2627649868193,1139.443102180398,1142.4774169921875,9856963,0.0,0.0,INFY.NS
2026-05-07 00:00:00+05:30,1148.1546369607545,1150.5038263553197,1134.6468875555572,1138.07275390625,12013987,0.0,0.0,INFY.NS
2026-05-08 00:00:00+05:30,1136.4088093734103,1158.4322359116547,1134.2554554613432,1154.2232666015625,7582770,0.0,0.0,INFY.NS
2026-05-11 00:00:00+05:30,1151.0911273032605,1161.8581361470833,1147.2737093616843,1152.0699462890625,7336288,0.0,0.0,INFY.NS
2026-05-12 00:00:00+05:30,1137.3876630949442,1137.3876630949442,1099.2137225952,1116.1473388671875,16891948,0.0,0.0,INFY.NS
2026-05-13 00:00:00+05:30,1112.5255790772605,1118.398492694932,1097.2560275682617,1099.3115234375,6664111,0.0,0.0,INFY.NS
2026-05-14 00:00:00+05:30,1096.0815207310736,1098.137016652994,1065.933848927119,1071.8067626953125,16914842,0.0,0.0,INFY.NS
2026-05-15 00:00:00+05:30,1078.658538900176,1109.1976439317652,1078.266987402901,1095.2984619140625,17482450,0.0,0.0,INFY.NS
2026-05-18 00:00:00+05:30,1095.2984136735845,1121.8243835304838,1094.319594715878,1118.3006591796875,12096377,0.0,0.0,INFY.NS
2026-05-19 00:00:00+05:30,1137.3876555901809,1173.0166903851343,1137.3876555901809,1171.5484619140625,32175705,0.0,0.0,INFY.NS
2026-05-20 00:00:00+05:30,1161.8580984968487,1181.3366195800531,1159.802602590221,1168.4161376953125,15121010,0.0,0.0,INFY.NS
2026-05-21 00:00:00+05:30,1170.7653346096859,1176.3446743746752,1152.0699163634372,1156.180908203125,10021033,0.0,0.0,INFY.NS
2026-05-22 00:00:00+05:30,1157.4533539662823,1166.5564175672662,1147.6651649263981,1149.622802734375,8803066,0.0,0.0,INFY.NS
2026-05-25 00:00:00+05:30,1157.9428754813864,1159.900513478819,1141.4008105061328,1143.75,5856136,0.0,0.0,INFY.NS
2026-05-26 00:00:00+05:30,1141.5965459846338,1155.6914427435413,1138.2685377836078,1142.966796875,8005767,0.0,0.0,INFY.NS
2026-05-27 00:00:00+05:30,1136.4088302961693,1142.5754376343073,1130.5359164445094,1135.3321533203125,6371871,0.0,0.0,INFY.NS
2026-05-28 00:00:00+05:30,1135.3321533203125,1135.3321533203125,1135.3321533203125,1135.3321533203125,0,0.0,0.0,INFY.NS
2026-05-29 00:00:00+05:30,1156.96396849116,1184.370898370815,1129.1654871448488,1136.3109130859375,69085430,0.0,0.0,INFY.NS
2026-06-01 00:00:00+05:30,1150.1122640819906,1191.222659904496,1148.8397516554953,1177.02978515625,19439331,0.0,0.0,INFY.NS
2026-06-02 00:00:00+05:30,1206.3943648530496,1251.811588367994,1206.3943648530496,1243.8831787109375,36032600,0.0,0.0,INFY.NS
2026-06-03 00:00:00+05:30,1215.7909483013548,1223.425783618914,1190.2437985614154,1196.7039794921875,18534303,0.0,0.0,INFY.NS
2026-06-04 00:00:00+05:30,1182.4132636253246,1189.4607121046952,1170.8631524946943,1175.855224609375,12755957,0.0,0.0,INFY.NS
2026-06-05 00:00:00+05:30,1194.159169493737,1197.8787294549086,1169.0035692089534,1172.1357421875,8692290,0.0,0.0,INFY.NS
2026-06-08 00:00:00+05:30,1152.559265415463,1175.26781631171,1151.5804465064052,1162.4453125,8631711,0.0,0.0,INFY.NS
2026-06-09 00:00:00+05:30,1168.3182691086097,1168.3182691086097,1142.5754025403635,1155.300048828125,10984054,0.0,0.0,INFY.NS
2026-06-10 00:00:00+05:30,1160.0999755859375,1171.4000244140625,1143.300048828125,1145.300048828125,8887626,25.0,0.0,INFY.NS
2026-06-11 00:00:00+05:30,1129.699951171875,1133.699951171875,1109.0,1114.5999755859375,9372176,0.0,0.0,INFY.NS
2026-06-12 00:00:00+05:30,1120.0,1123.300048828125,1111.5,1116.4000244140625,8075333,0.0,0.0,INFY.NS
2026-06-15 00:00:00+05:30,1130.0,1151.0,1123.0,1134.9000244140625,7856192,0.0,0.0,INFY.NS
2026-06-16 00:00:00+05:30,1136.9000244140625,1153.800048828125,1123.199951171875,1143.5999755859375,10456090,0.0,0.0,INFY.NS
2026-06-17 00:00:00+05:30,1149.0,1162.5,1148.0,1157.699951171875,5995119,0.0,0.0,INFY.NS
2026-06-18 00:00:00+05:30,1142.9000244140625,1142.9000244140625,1125.300048828125,1127.5,16781447,0.0,0.0,INFY.NS
2026-06-19 00:00:00+05:30,1062.300048828125,1066.0,1030.0,1051.4000244140625,45665442,0.0,0.0,INFY.NS
2026-06-22 00:00:00+05:30,1055.0,1080.300048828125,1055.0,1072.5,8499683,0.0,0.0,INFY.NS
2026-05-04 00:00:00+05:30,760.0295232783589,773.8017387354295,760.0295232783589,766.7189331054688,29028060,0.0,0.0,HDFCBANK.NS
2026-05-05 00:00:00+05:30,761.8002432312857,764.2595672860843,751.2743242683289,759.734375,38887657,0.0,0.0,HDFCBANK.NS
2026-05-06 00:00:00+05:30,762.5380651832903,785.9508189360297,760.9148872376333,783.58984375,35530831,0.0,0.0,HDFCBANK.NS
2026-05-07 00:00:00+05:30,781.0813276889071,788.5084744009563,775.7199891869062,783.0979614257812,46137553,0.0,0.0,HDFCBANK.NS
2026-05-08 00:00:00+05:30,771.2440360478325,775.9167518274592,764.5546865191014,768.145263671875,38016841,0.0,0.0,HDFCBANK.NS
2026-05-11 00:00:00+05:30,759.3901026416063,762.2428825536997,749.5036318326614,751.2251586914062,41123422,0.0,0.0,HDFCBANK.NS
2026-05-12 00:00:00+05:30,744.2898305325124,747.3394284783378,735.6330216051203,738.2399291992188,43937132,0.0,0.0,HDFCBANK.NS
2026-05-13 00:00:00+05:30,739.7647228184694,747.5853858194506,735.1903557682459,737.4037475585938,28960919,0.0,0.0,HDFCBANK.NS
2026-05-14 00:00:00+05:30,738.7810009702333,765.6368096362314,734.846082190099,757.0291748046875,50992358,0.0,0.0,HDFCBANK.NS
2026-05-15 00:00:00+05:30,760.4230253238243,769.1782432932904,752.9467039429112,755.0125122070312,24347873,0.0,0.0,HDFCBANK.NS
2026-05-18 00:00:00+05:30,746.6507839481793,761.5050772404568,739.1252283144738,756.143798828125,29812079,0.0,0.0,HDFCBANK.NS
2026-05-19 00:00:00+05:30,754.2255287138954,758.2587962302428,747.8804605130283,750.044677734375,40307830,0.0,0.0,HDFCBANK.NS
2026-05-20 00:00:00+05:30,747.2410491475586,749.8479568451309,742.8635000569833,747.1427001953125,24013451,0.0,0.0,HDFCBANK.NS
2026-05-21 00:00:00+05:30,754.5206547496631,755.7503168336749,742.8634822100684,746.7984008789062,34664725,0.0,0.0,HDFCBANK.NS
2026-05-22 00:00:00+05:30,746.7984174780529,762.390509033052,746.7984174780529,754.3239135742188,25604071,0.0,0.0,HDFCBANK.NS
2026-05-25 00:00:00+05:30,763.3742255318324,775.0313981291084,762.5872538025895,774.0476684570312,26043952,0.0,0.0,HDFCBANK.NS
2026-05-26 00:00:00+05:30,771.2932224692265,777.9825721015808,764.1120080103449,766.22705078125,31528062,0.0,0.0,HDFCBANK.NS
2026-05-27 00:00:00+05:30,756.9799611769273,761.3083956280444,744.584991677417,746.3065185546875,63680153,0.0,0.0,HDFCBANK.NS
2026-05-28 00:00:00+05:30,746.3065185546875,746.3065185546875,746.3065185546875,746.3065185546875,0,0.0,0.0,HDFCBANK.NS
2026-05-29 00:00:00+05:30,733.9115075895189,748.1264133157719,725.7465633447872,732.4359130859375,101299431,0.0,0.0,HDFCBANK.NS
2026-06-01 00:00:00+05:30,736.8135126590627,740.1089829912345,727.1729740345589,730.6160278320312,47996441,0.0,0.0,HDFCBANK.NS
2026-06-02 00:00:00+05:30,725.0087855549667,741.3386744827858,721.2214502442791,736.0757446289062,47314447,0.0,0.0,HDFCBANK.NS
2026-06-03 00:00:00+05:30,732.3375535846441,744.5849997963322,730.5176176978582,741.3878784179688,36109480,0.0,0.0,HDFCBANK.NS
2026-06-04 00:00:00+05:30,736.9610714527732,744.9784318589446,732.8785694984622,741.9288940429688,42673538,0.0,0.0,HDFCBANK.NS
2026-06-05 00:00:00+05:30,741.6829610502508,746.355676758121,732.5342875674706,734.8952026367188,22116568,0.0,0.0,HDFCBANK.NS
2026-06-08 00:00:00+05:30,725.9925096938186,729.4355636015806,722.5494557860566,726.6319580078125,21550700,0.0,0.0,HDFCBANK.NS
2026-06-09 00:00:00+05:30,727.4189306755471,731.8457142768752,720.3852393810432,726.3367919921875,38539563,0.0,0.0,HDFCBANK.NS
2026-06-10 00:00:00+05:30,724.5169081730804,743.6504624272108,724.418559222074,734.698486328125,44458159,0.0,0.0,HDFCBANK.NS
2026-06-11 00:00:00+05:30,730.9111639255492,743.699649970007,728.0583237911012,732.485107421875,32632007,0.0,0.0,HDFCBANK.NS
2026-06-12 00:00:00+05:30,742.4207572291352,761.8494172504803,740.8467538097462,759.8819580078125,36088159,0.0,0.0,HDFCBANK.NS
2026-06-15 00:00:00+05:30,777.1464134002696,780.5894671305239,762.980682607529,764.7022094726562,39990334,0.0,0.0,HDFCBANK.NS
2026-06-16 00:00:00+05:30,767.8010209255166,774.8838866823837,766.7681167622869,772.1294555664062,27820970,0.0,0.0,HDFCBANK.NS
2026-06-17 00:00:00+05:30,774.8346784396643,781.376444549763,770.3586605239058,774.2935791015625,32405604,0.0,0.0,HDFCBANK.NS
2026-06-18 00:00:00+05:30,773.7033792240301,789.8857441736253,773.4082723338255,786.0,41492071,0.0,0.0,HDFCBANK.NS
2026-06-19 00:00:00+05:30,788.7000122070312,789.0499877929688,776.2000122070312,779.7999877929688,33798761,13.0,0.0,HDFCBANK.NS
2026-06-22 00:00:00+05:30,789.9000244140625,789.9000244140625,783.0999755859375,787.2000122070312,22033284,0.0,0.0,HDFCBANK.NS
2026-05-04 00:00:00+05:30,1264.300048828125,1282.199951171875,1264.300048828125,1270.800048828125,14597051,0.0,0.0,ICICIBANK.NS
2026-05-05 00:00:00+05:30,1264.0,1266.699951171875,1245.5,1251.300048828125,24447935,0.0,0.0,ICICIBANK.NS
2026-05-06 00:00:00+05:30,1262.0,1282.800048828125,1252.0999755859375,1279.5,22909586,0.0,0.0,ICICIBANK.NS
2026-05-07 00:00:00+05:30,1284.699951171875,1294.0,1273.199951171875,1279.0,25028552,0.0,0.0,ICICIBANK.NS
2026-05-08 00:00:00+05:30,1279.5999755859375,1279.5999755859375,1261.199951171875,1264.800048828125,11137424,0.0,0.0,ICICIBANK.NS
2026-05-11 00:00:00+05:30,1259.4000244140625,1275.699951171875,1252.0,1266.4000244140625,18980488,0.0,0.0,ICICIBANK.NS
2026-05-12 00:00:00+05:30,1256.0,1259.9000244140625,1236.300048828125,1240.300048828125,21110708,0.0,0.0,ICICIBANK.NS
2026-05-13 00:00:00+05:30,1238.300048828125,1249.199951171875,1227.199951171875,1235.5999755859375,19490295,0.0,0.0,ICICIBANK.NS
2026-05-14 00:00:00+05:30,1239.0999755859375,1256.699951171875,1236.0,1246.0,16535600,0.0,0.0,ICICIBANK.NS
2026-05-15 00:00:00+05:30,1246.5999755859375,1258.0,1242.0,1244.5,11745614,0.0,0.0,ICICIBANK.NS
2026-05-18 00:00:00+05:30,1235.5,1253.699951171875,1232.0,1251.0999755859375,13918850,0.0,0.0,ICICIBANK.NS
2026-05-19 00:00:00+05:30,1251.0999755859375,1256.300048828125,1229.800048828125,1240.800048828125,38929053,0.0,0.0,ICICIBANK.NS
2026-05-20 00:00:00+05:30,1230.0,1239.699951171875,1223.300048828125,1237.300048828125,14953103,0.0,0.0,ICICIBANK.NS
2026-05-21 00:00:00+05:30,1245.300048828125,1248.300048828125,1234.4000244140625,1242.800048828125,14394386,0.0,0.0,ICICIBANK.NS
2026-05-22 00:00:00+05:30,1242.0,1270.800048828125,1242.0,1264.300048828125,11601085,0.0,0.0,ICICIBANK.NS
2026-05-25 00:00:00+05:30,1271.0,1293.5,1270.9000244140625,1291.800048828125,13853923,0.0,0.0,ICICIBANK.NS
2026-05-26 00:00:00+05:30,1290.0,1301.800048828125,1276.199951171875,1279.0999755859375,18400405,0.0,0.0,ICICIBANK.NS
2026-05-27 00:00:00+05:30,1286.0,1293.4000244140625,1266.699951171875,1272.699951171875,18366272,0.0,0.0,ICICIBANK.NS
2026-05-28 00:00:00+05:30,1272.699951171875,1272.699951171875,1272.699951171875,1272.699951171875,0,0.0,0.0,ICICIBANK.NS
2026-05-29 00:00:00+05:30,1275.0999755859375,1287.800048828125,1247.9000244140625,1256.4000244140625,31007884,0.0,0.0,ICICIBANK.NS
2026-06-01 00:00:00+05:30,1257.0999755859375,1261.9000244140625,1235.9000244140625,1239.699951171875,9911975,0.0,0.0,ICICIBANK.NS
2026-06-02 00:00:00+05:30,1233.0,1237.699951171875,1220.699951171875,1226.5999755859375,17920892,0.0,0.0,ICICIBANK.NS
2026-06-03 00:00:00+05:30,1219.9000244140625,1248.300048828125,1213.699951171875,1242.0,13934754,0.0,0.0,ICICIBANK.NS
2026-06-04 00:00:00+05:30,1232.199951171875,1262.300048828125,1232.199951171875,1251.699951171875,19461560,0.0,0.0,ICICIBANK.NS
2026-06-05 00:00:00+05:30,1257.0,1265.0,1250.0,1262.0999755859375,10166393,0.0,0.0,ICICIBANK.NS
2026-06-08 00:00:00+05:30,1246.4000244140625,1254.0,1243.0999755859375,1250.199951171875,10714196,0.0,0.0,ICICIBANK.NS
2026-06-09 00:00:00+05:30,1255.0,1279.9000244140625,1252.699951171875,1275.0,22368579,0.0,0.0,ICICIBANK.NS
2026-06-10 00:00:00+05:30,1271.300048828125,1306.0,1271.300048828125,1293.300048828125,25951584,0.0,0.0,ICICIBANK.NS
2026-06-11 00:00:00+05:30,1286.5,1333.0,1286.5,1317.0,35919374,0.0,0.0,ICICIBANK.NS
2026-06-12 00:00:00+05:30,1330.0,1344.300048828125,1318.699951171875,1340.800048828125,18339846,0.0,0.0,ICICIBANK.NS
2026-06-15 00:00:00+05:30,1354.5999755859375,1362.699951171875,1325.300048828125,1327.5999755859375,16172921,0.0,0.0,ICICIBANK.NS
2026-06-16 00:00:00+05:30,1331.9000244140625,1337.300048828125,1326.300048828125,1334.300048828125,13069159,0.0,0.0,ICICIBANK.NS
2026-06-17 00:00:00+05:30,1342.0,1346.0,1333.4000244140625,1336.800048828125,8026424,0.0,0.0,ICICIBANK.NS
2026-06-18 00:00:00+05:30,1333.5999755859375,1346.9000244140625,1331.4000244140625,1342.300048828125,13467985,0.0,0.0,ICICIBANK.NS
2026-06-19 00:00:00+05:30,1340.5,1352.300048828125,1332.0,1346.5,9057322,0.0,0.0,ICICIBANK.NS
2026-06-22 00:00:00+05:30,1353.0,1362.699951171875,1348.4000244140625,1355.0999755859375,3729074,0.0,0.0,ICICIBANK.NS
2026-05-04 00:00:00+05:30,309.4690426623296,309.4690426623296,302.26530226968964,302.8493957519531,20245091,0.0,0.0,ITC.NS
2026-05-05 00:00:00+05:30,302.8494008323303,305.38045282577866,301.4378440355334,303.19012451171875,26795704,0.0,0.0,ITC.NS
2026-05-06 00:00:00+05:30,304.504273955316,305.28307511999276,301.04843476850743,302.4599914550781,20287609,0.0,0.0,ITC.NS
2026-05-07 00:00:00+05:30,303.1901061095417,303.38478412292693,298.85811182359606,299.24749755859375,25718615,0.0,0.0,ITC.NS
2026-05-08 00:00:00+05:30,300.70773068347654,300.70773068347654,297.59261494674206,299.29620361328125,17739844,0.0,0.0,ITC.NS
2026-05-11 00:00:00+05:30,298.85811207299713,299.83159126541733,297.05716962537434,297.7386169433594,14968661,0.0,0.0,ITC.NS
2026-05-12 00:00:00+05:30,297.25189225671994,298.1280176321973,292.141126240168,292.7252197265625,15968338,0.0,0.0,ITC.NS
2026-05-13 00:00:00+05:30,293.99072694682496,297.6899361310764,293.0659097966479,296.3757629394531,13024778,0.0,0.0,ITC.NS
2026-05-14 00:00:00+05:30,296.91115977719784,300.9997843525029,296.7651438369858,299.0528259277344,11113377,0.0,0.0,ITC.NS
2026-05-15 00:00:00+05:30,299.0528357626027,303.77418633135375,298.17668067606064,301.2431640625,11954564,0.0,0.0,ITC.NS
2026-05-18 00:00:00+05:30,301.24314294849347,304.01753483399096,298.371367495507,301.924560546875,14422870,0.0,0.0,ITC.NS
2026-05-19 00:00:00+05:30,303.67685162223455,305.91584192326644,300.17232052251813,302.0705871582031,17519355,0.0,0.0,ITC.NS
2026-05-20 00:00:00+05:30,300.8050809313701,301.43783648682927,298.07935098097914,299.3935241699219,12127920,0.0,0.0,ITC.NS
2026-05-21 00:00:00+05:30,301.6325293694972,303.0440563532439,297.68992087203304,299.8802490234375,21868988,0.0,0.0,ITC.NS
2026-05-22 00:00:00+05:30,297.7872949531656,298.8581280637695,293.01725259672514,293.6986999511719,30751752,0.0,0.0,ITC.NS
2026-05-25 00:00:00+05:30,295.8890075683594,297.3978884085819,294.33143494437775,295.8890075683594,15734247,0.0,0.0,ITC.NS
2026-05-26 00:00:00+05:30,296.27839961224,296.32706168880947,293.1145922213104,293.6499938964844,37560542,0.0,0.0,ITC.NS
2026-05-27 00:00:00+05:30,295.6499938964844,296.3500061035156,291.04998779296875,291.95001220703125,25446093,8.0,0.0,ITC.NS
2026-05-28 00:00:00+05:30,291.95001220703125,291.95001220703125,291.95001220703125,291.95001220703125,0,0.0,0.0,ITC.NS
2026-05-29 00:00:00+05:30,292.0,292.3999938964844,285.8999938964844,286.8999938964844,31930439,0.0,0.0,ITC.NS
2026-06-01 00:00:00+05:30,287.79998779296875,288.54998779296875,278.29998779296875,279.6499938964844,23477875,0.0,0.0,ITC.NS
2026-06-02 00:00:00+05:30,279.5,283.6000061035156,277.1000061035156,283.25,20206131,0.0,0.0,ITC.NS
2026-06-03 00:00:00+05:30,282.3500061035156,282.3500061035156,275.20001220703125,277.0,28001438,0.0,0.0,ITC.NS
2026-06-04 00:00:00+05:30,277.0,280.6499938964844,275.04998779296875,280.29998779296875,22017634,0.0,0.0,ITC.NS
2026-06-05 00:00:00+05:30,280.0,281.3999938964844,277.8500061035156,280.70001220703125,16065822,0.0,0.0,ITC.NS
2026-06-08 00:00:00+05:30,279.0,283.45001220703125,276.95001220703125,279.45001220703125,15779677,0.0,0.0,ITC.NS
2026-06-09 00:00:00+05:30,281.70001220703125,281.70001220703125,277.1499938964844,280.0,12302522,0.0,0.0,ITC.NS
2026-06-10 00:00:00+05:30,280.0,285.8500061035156,278.6499938964844,283.6499938964844,19823743,0.0,0.0,ITC.NS
2026-06-11 00:00:00+05:30,283.0,283.25,281.20001220703125,282.3999938964844,12603100,0.0,0.0,ITC.NS
2026-06-12 00:00:00+05:30,283.54998779296875,285.8500061035156,283.0,285.1000061035156,12893433,0.0,0.0,ITC.NS
2026-06-15 00:00:00+05:30,287.0,288.8500061035156,286.70001220703125,287.8999938964844,11194950,0.0,0.0,ITC.NS
2026-06-16 00:00:00+05:30,288.1499938964844,292.1499938964844,287.5,291.6499938964844,14467499,0.0,0.0,ITC.NS
2026-06-17 00:00:00+05:30,291.95001220703125,292.3500061035156,290.0,290.75,8626353,0.0,0.0,ITC.NS
2026-06-18 00:00:00+05:30,291.04998779296875,291.8999938964844,288.0,291.1499938964844,10409670,0.0,0.0,ITC.NS
2026-06-19 00:00:00+05:30,289.79998779296875,294.54998779296875,288.3999938964844,292.5,13874008,0.0,0.0,ITC.NS
2026-06-22 00:00:00+05:30,292.79998779296875,293.95001220703125,290.04998779296875,291.1000061035156,7725648,0.0,0.0,ITC.NS
2026-05-04 00:00:00+05:30,1873.199951171875,1895.300048828125,1821.699951171875,1827.0999755859375,10707858,0.0,0.0,BHARTIARTL.NS
2026-05-05 00:00:00+05:30,1828.0,1846.0,1801.0,1806.0999755859375,11407461,0.0,0.0,BHARTIARTL.NS
2026-05-06 00:00:00+05:30,1817.0,1841.5,1813.800048828125,1833.699951171875,5507749,0.0,0.0,BHARTIARTL.NS
2026-05-07 00:00:00+05:30,1835.0,1843.9000244140625,1821.199951171875,1826.5999755859375,7914845,0.0,0.0,BHARTIARTL.NS
2026-05-08 00:00:00+05:30,1820.0,1840.800048828125,1815.199951171875,1834.5,4839183,0.0,0.0,BHARTIARTL.NS
2026-05-11 00:00:00+05:30,1814.0,1819.800048828125,1756.0,1759.800048828125,15803791,0.0,0.0,BHARTIARTL.NS
2026-05-12 00:00:00+05:30,1751.5,1776.5,1751.5,1756.800048828125,11945399,0.0,0.0,BHARTIARTL.NS
2026-05-13 00:00:00+05:30,1740.5,1798.0,1740.5,1789.199951171875,9825413,0.0,0.0,BHARTIARTL.NS
2026-05-14 00:00:00+05:30,1820.0,1889.199951171875,1797.300048828125,1883.5,21279151,0.0,0.0,BHARTIARTL.NS
2026-05-15 00:00:00+05:30,1883.199951171875,1922.9000244140625,1880.4000244140625,1905.4000244140625,15807294,0.0,0.0,BHARTIARTL.NS
2026-05-18 00:00:00+05:30,1904.800048828125,1953.800048828125,1890.4000244140625,1938.0999755859375,13888648,0.0,0.0,BHARTIARTL.NS
2026-05-19 00:00:00+05:30,1928.4000244140625,1942.0,1907.800048828125,1913.5,8962228,0.0,0.0,BHARTIARTL.NS
2026-05-20 00:00:00+05:30,1914.0,1914.0,1897.699951171875,1904.9000244140625,5778742,0.0,0.0,BHARTIARTL.NS
2026-05-21 00:00:00+05:30,1911.0,1915.300048828125,1880.800048828125,1885.300048828125,6419014,0.0,0.0,BHARTIARTL.NS
2026-05-22 00:00:00+05:30,1891.300048828125,1896.5999755859375,1869.300048828125,1871.4000244140625,5099120,0.0,0.0,BHARTIARTL.NS
2026-05-25 00:00:00+05:30,1892.5,1892.5,1863.0999755859375,1874.800048828125,5903841,0.0,0.0,BHARTIARTL.NS
2026-05-26 00:00:00+05:30,1874.0,1874.0,1844.800048828125,1846.9000244140625,5803034,0.0,0.0,BHARTIARTL.NS
2026-05-27 00:00:00+05:30,1840.4000244140625,1869.4000244140625,1840.4000244140625,1852.199951171875,8653155,0.0,0.0,BHARTIARTL.NS
2026-05-28 00:00:00+05:30,1852.199951171875,1852.199951171875,1852.199951171875,1852.199951171875,0,0.0,0.0,BHARTIARTL.NS
2026-05-29 00:00:00+05:30,1860.0,1860.0,1818.5,1829.0,52886264,0.0,0.0,BHARTIARTL.NS
2026-06-01 00:00:00+05:30,1830.0,1842.0,1803.9000244140625,1810.5999755859375,6391656,0.0,0.0,BHARTIARTL.NS
2026-06-02 00:00:00+05:30,1785.0,1825.0,1777.4000244140625,1814.199951171875,10791294,0.0,0.0,BHARTIARTL.NS
2026-06-03 00:00:00+05:30,1829.9000244140625,1835.5,1804.9000244140625,1824.0999755859375,5832363,0.0,0.0,BHARTIARTL.NS
2026-06-04 00:00:00+05:30,1815.0,1829.800048828125,1798.4000244140625,1818.9000244140625,6735759,0.0,0.0,BHARTIARTL.NS
2026-06-05 00:00:00+05:30,1824.9000244140625,1827.800048828125,1790.699951171875,1798.199951171875,3926715,0.0,0.0,BHARTIARTL.NS
2026-06-08 00:00:00+05:30,1775.0999755859375,1820.0999755859375,1771.0,1813.300048828125,6324919,0.0,0.0,BHARTIARTL.NS
2026-06-09 00:00:00+05:30,1837.0,1837.0,1789.199951171875,1799.0,10377475,0.0,0.0,BHARTIARTL.NS
2026-06-10 00:00:00+05:30,1799.0,1807.699951171875,1771.0,1775.199951171875,7999362,0.0,0.0,BHARTIARTL.NS
2026-06-11 00:00:00+05:30,1773.0,1796.0,1768.5999755859375,1782.5999755859375,5020731,0.0,0.0,BHARTIARTL.NS
2026-06-12 00:00:00+05:30,1784.0,1825.0,1784.0,1822.5,5910557,0.0,0.0,BHARTIARTL.NS
2026-06-15 00:00:00+05:30,1841.0,1857.0,1816.0,1841.199951171875,5307277,0.0,0.0,BHARTIARTL.NS
2026-06-16 00:00:00+05:30,1840.199951171875,1859.199951171875,1837.199951171875,1853.0,5957732,0.0,0.0,BHARTIARTL.NS
2026-06-17 00:00:00+05:30,1853.0,1878.0,1841.5,1875.699951171875,7653632,0.0,0.0,BHARTIARTL.NS
2026-06-18 00:00:00+05:30,1878.800048828125,1878.800048828125,1861.800048828125,1874.800048828125,4262944,0.0,0.0,BHARTIARTL.NS
2026-06-19 00:00:00+05:30,1874.300048828125,1917.5,1867.199951171875,1910.800048828125,15918432,0.0,0.0,BHARTIARTL.NS
2026-06-22 00:00:00+05:30,1915.800048828125,1924.5,1901.0,1920.4000244140625,2829720,0.0,0.0,BHARTIARTL.NS
2026-05-04 00:00:00+05:30,3987.0570248896283,4099.459154130804,3987.0570248896283,4061.13330078125,2173027,0.0,0.0,LT.NS
2026-05-05 00:00:00+05:30,4045.486226723394,4050.4378622518193,3985.0762732766066,4015.28125,3849402,0.0,0.0,LT.NS
2026-05-06 00:00:00+05:30,3935.5600322215682,3982.1054075397396,3862.2758242738087,3969.726318359375,9540104,0.0,0.0,LT.NS
2026-05-07 00:00:00+05:30,3989.0375730176484,4026.471985886887,3952.3954701870493,3984.0859375,3477185,0.0,0.0,LT.NS
2026-05-08 00:00:00+05:30,3971.21178887478,3975.173097392361,3921.6954324050193,3936.05517578125,1620273,0.0,0.0,LT.NS
2026-05-11 00:00:00+05:30,3909.811514041804,3915.258313263493,3848.510361331151,3902.0869140625,2027769,0.0,0.0,LT.NS
2026-05-12 00:00:00+05:30,3887.133070256449,3901.8888476132015,3809.788425575631,3819.196533203125,2255075,0.0,0.0,LT.NS
2026-05-13 00:00:00+05:30,3810.7788666919755,3914.7632172643916,3810.7788666919755,3877.923095703125,2486330,0.0,0.0,LT.NS
2026-05-14 00:00:00+05:30,3903.86953222323,3949.424580037098,3887.0339710746266,3902.284912109375,2982228,0.0,0.0,LT.NS
2026-05-15 00:00:00+05:30,3911.197839728613,3911.197839728613,3855.3434867478295,3871.188720703125,1339185,0.0,0.0,LT.NS
2026-05-18 00:00:00+05:30,3836.4280596540248,3886.7367247380407,3814.7399928548766,3879.903564453125,1771638,0.0,0.0,LT.NS
2026-05-19 00:00:00+05:30,3902.780167473302,3921.695512743879,3862.2758837629112,3883.07275390625,2318170,0.0,0.0,LT.NS
2026-05-20 00:00:00+05:30,3863.8604825083903,3905.3550931385853,3845.5394303407566,3872.872314453125,1972259,0.0,0.0,LT.NS
2026-05-21 00:00:00+05:30,3931.5985745195367,3931.5985745195367,3874.8527835138552,3890.5,1624945,0.0,0.0,LT.NS
2026-05-22 00:00:00+05:30,3907.0,3960.0,3900.10009765625,3926.60009765625,1330428,38.0,0.0,LT.NS
2026-05-25 00:00:00+05:30,3970.0,4038.39990234375,3961.5,4033.39990234375,2099927,0.0,0.0,LT.NS
2026-05-26 00:00:00+05:30,4029.60009765625,4052.89990234375,4014.199951171875,4037.800048828125,1552847,0.0,0.0,LT.NS
2026-05-27 00:00:00+05:30,4043.0,4069.89990234375,4017.89990234375,4047.5,1607028,0.0,0.0,LT.NS
2026-05-28 00:00:00+05:30,4047.5,4047.5,4047.5,4047.5,0,0.0,0.0,LT.NS
2026-05-29 00:00:00+05:30,4045.800048828125,4128.0,4045.0,4076.5,4882940,0.0,0.0,LT.NS
2026-06-01 00:00:00+05:30,4089.0,4105.7998046875,4002.10009765625,4010.800048828125,1409388,0.0,0.0,LT.NS
2026-06-02 00:00:00+05:30,3980.0,4017.0,3923.5,4000.89990234375,2085054,0.0,0.0,LT.NS
2026-06-03 00:00:00+05:30,4000.89990234375,4008.0,3894.0,3953.199951171875,1872929,0.0,0.0,LT.NS
2026-06-04 00:00:00+05:30,3945.0,3974.89990234375,3930.10009765625,3942.10009765625,1398297,0.0,0.0,LT.NS
2026-06-05 00:00:00+05:30,3960.0,3978.0,3923.89990234375,3953.199951171875,1278243,0.0,0.0,LT.NS
2026-06-08 00:00:00+05:30,3901.10009765625,3916.699951171875,3863.10009765625,3875.5,1678709,0.0,0.0,LT.NS
2026-06-09 00:00:00+05:30,3924.89990234375,3924.89990234375,3885.0,3900.60009765625,1506501,0.0,0.0,LT.NS
2026-06-10 00:00:00+05:30,3904.0,3962.800048828125,3900.0,3917.5,2033070,0.0,0.0,LT.NS
2026-06-11 00:00:00+05:30,3900.0,3909.800048828125,3854.39990234375,3862.0,2224659,0.0,0.0,LT.NS
2026-06-12 00:00:00+05:30,3930.0,4059.800048828125,3921.0,4049.300048828125,3065790,0.0,0.0,LT.NS
2026-06-15 00:00:00+05:30,4130.0,4214.89990234375,4130.0,4169.7998046875,3978153,0.0,0.0,LT.NS
2026-06-16 00:00:00+05:30,4205.0,4235.39990234375,4177.10009765625,4186.39990234375,2647549,0.0,0.0,LT.NS
2026-06-17 00:00:00+05:30,4200.10009765625,4214.7001953125,4172.0,4207.7001953125,1312925,0.0,0.0,LT.NS
2026-06-18 00:00:00+05:30,4207.7001953125,4244.89990234375,4165.60009765625,4190.0,1485427,0.0,0.0,LT.NS
2026-06-19 00:00:00+05:30,4190.0,4217.5,4161.60009765625,4209.39990234375,1397746,0.0,0.0,LT.NS
2026-06-22 00:00:00+05:30,4228.0,4235.39990234375,4190.0,4203.10009765625,964179,0.0,0.0,LT.NS
2026-05-04 00:00:00+05:30,2268.800048828125,2365.800048828125,2268.800048828125,2309.300048828125,2554255,0.0,0.0,HINDUNILVR.NS
2026-05-05 00:00:00+05:30,2301.5,2335.39990234375,2288.10009765625,2327.39990234375,1741424,0.0,0.0,HINDUNILVR.NS
2026-05-06 00:00:00+05:30,2330.0,2339.39990234375,2288.300048828125,2317.10009765625,1196175,0.0,0.0,HINDUNILVR.NS
2026-05-07 00:00:00+05:30,2310.0,2327.89990234375,2268.10009765625,2272.199951171875,1859012,0.0,0.0,HINDUNILVR.NS
2026-05-08 00:00:00+05:30,2272.199951171875,2297.300048828125,2256.0,2287.699951171875,1104526,0.0,0.0,HINDUNILVR.NS
2026-05-11 00:00:00+05:30,2277.10009765625,2317.10009765625,2259.199951171875,2307.199951171875,1903862,0.0,0.0,HINDUNILVR.NS
2026-05-12 00:00:00+05:30,2285.300048828125,2307.0,2256.0,2262.0,983506,0.0,0.0,HINDUNILVR.NS
2026-05-13 00:00:00+05:30,2265.0,2295.800048828125,2250.0,2267.300048828125,1308559,0.0,0.0,HINDUNILVR.NS
2026-05-14 00:00:00+05:30,2268.0,2285.89990234375,2245.0,2248.699951171875,1380764,0.0,0.0,HINDUNILVR.NS
2026-05-15 00:00:00+05:30,2248.699951171875,2298.89990234375,2246.199951171875,2272.199951171875,1038522,0.0,0.0,HINDUNILVR.NS
2026-05-18 00:00:00+05:30,2263.10009765625,2265.0,2224.699951171875,2254.199951171875,1118204,0.0,0.0,HINDUNILVR.NS
2026-05-19 00:00:00+05:30,2242.0,2282.0,2229.5,2232.89990234375,1145022,0.0,0.0,HINDUNILVR.NS
2026-05-20 00:00:00+05:30,2224.89990234375,2226.89990234375,2201.0,2209.300048828125,1071994,0.0,0.0,HINDUNILVR.NS
2026-05-21 00:00:00+05:30,2224.0,2229.0,2176.0,2179.0,1581812,0.0,0.0,HINDUNILVR.NS
2026-05-22 00:00:00+05:30,2180.0,2224.5,2175.39990234375,2203.60009765625,1382889,0.0,0.0,HINDUNILVR.NS
2026-05-25 00:00:00+05:30,2215.0,2238.10009765625,2192.89990234375,2196.5,780722,0.0,0.0,HINDUNILVR.NS
2026-05-26 00:00:00+05:30,2199.60009765625,2220.0,2190.0,2209.39990234375,2302703,0.0,0.0,HINDUNILVR.NS
2026-05-27 00:00:00+05:30,2205.10009765625,2214.60009765625,2187.0,2198.39990234375,616538,0.0,0.0,HINDUNILVR.NS
2026-05-28 00:00:00+05:30,2198.39990234375,2198.39990234375,2198.39990234375,2198.39990234375,0,0.0,0.0,HINDUNILVR.NS
2026-05-29 00:00:00+05:30,2133.5,2207.800048828125,2118.10009765625,2153.5,17701621,0.0,0.0,HINDUNILVR.NS
2026-06-01 00:00:00+05:30,2158.5,2167.5,2080.300048828125,2084.300048828125,1470488,0.0,0.0,HINDUNILVR.NS
2026-06-02 00:00:00+05:30,2079.0,2097.0,2065.699951171875,2093.699951171875,2148903,0.0,0.0,HINDUNILVR.NS
2026-06-03 00:00:00+05:30,2092.0,2099.60009765625,2072.199951171875,2090.60009765625,1544973,0.0,0.0,HINDUNILVR.NS
2026-06-04 00:00:00+05:30,2089.0,2110.89990234375,2073.5,2079.39990234375,2142735,0.0,0.0,HINDUNILVR.NS
2026-06-05 00:00:00+05:30,2086.699951171875,2127.5,2077.199951171875,2121.5,1822999,0.0,0.0,HINDUNILVR.NS
2026-06-08 00:00:00+05:30,2105.300048828125,2125.0,2091.5,2110.10009765625,1601497,0.0,0.0,HINDUNILVR.NS
2026-06-09 00:00:00+05:30,2119.699951171875,2138.60009765625,2110.10009765625,2132.800048828125,1460636,0.0,0.0,HINDUNILVR.NS
2026-06-10 00:00:00+05:30,2134.89990234375,2204.89990234375,2133.5,2169.5,2325534,0.0,0.0,HINDUNILVR.NS
2026-06-11 00:00:00+05:30,2164.0,2165.0,2135.300048828125,2139.800048828125,1178896,0.0,0.0,HINDUNILVR.NS
2026-06-12 00:00:00+05:30,2151.199951171875,2179.39990234375,2145.0,2168.800048828125,1156153,0.0,0.0,HINDUNILVR.NS
2026-06-15 00:00:00+05:30,2200.0,2211.0,2150.0,2156.10009765625,1439449,0.0,0.0,HINDUNILVR.NS
2026-06-16 00:00:00+05:30,2161.0,2209.0,2160.10009765625,2199.89990234375,1337309,0.0,0.0,HINDUNILVR.NS
2026-06-17 00:00:00+05:30,2201.10009765625,2224.60009765625,2183.0,2197.60009765625,1511401,0.0,0.0,HINDUNILVR.NS
2026-06-18 00:00:00+05:30,2208.699951171875,2221.60009765625,2196.800048828125,2218.5,1120482,0.0,0.0,HINDUNILVR.NS
2026-06-19 00:00:00+05:30,2209.60009765625,2210.60009765625,2179.89990234375,2194.60009765625,1508994,0.0,0.0,HINDUNILVR.NS
2026-06-22 00:00:00+05:30,2203.699951171875,2208.199951171875,2182.5,2186.800048828125,470385,0.0,0.0,HINDUNILVR.NS
2026-05-04 00:00:00+05:30,1044.7679726198023,1069.816471974203,1044.7679726198023,1049.4830322265625,11693211,0.0,0.0,SBIN.NS
2026-05-05 00:00:00+05:30,1041.8211028311687,1049.581250235382,1030.8194568287804,1041.133544921875,12194631,0.0,0.0,SBIN.NS
2026-05-06 00:00:00+05:30,1053.019301365762,1081.6040364042549,1042.4104768585712,1076.5943603515625,14384779,0.0,0.0,SBIN.NS
2026-05-07 00:00:00+05:30,1086.4172785832332,1088.381866790436,1066.8696019397742,1072.6651611328125,16105163,0.0,0.0,SBIN.NS
2026-05-08 00:00:00+05:30,1070.7005210892246,1075.6119913694504,993.0010852378409,1001.2523193359375,48065909,0.0,0.0,SBIN.NS
2026-05-11 00:00:00+05:30,989.1701581334676,989.1701581334676,953.9057759818752,956.3615112304688,46927396,0.0,0.0,SBIN.NS
2026-05-12 00:00:00+05:30,959.6031354409057,964.0234589147167,945.3598709141811,957.3438110351562,25787092,0.0,0.0,SBIN.NS
2026-05-13 00:00:00+05:30,960.6836091187947,963.8269621620207,944.1810805849492,952.9234619140625,17584580,0.0,0.0,SBIN.NS
2026-05-14 00:00:00+05:30,956.2632817330172,969.5242517416415,946.5385464115705,962.5499877929688,16487142,0.0,0.0,SBIN.NS
2026-05-15 00:00:00+05:30,971.2000122070312,972.5,957.0,963.2000122070312,26972493,17.35,0.0,SBIN.NS
2026-05-18 00:00:00+05:30,952.0,954.9000244140625,933.9000244140625,939.4000244140625,16554877,0.0,0.0,SBIN.NS
2026-05-19 00:00:00+05:30,942.0,956.5999755859375,939.5,948.7999877929688,17280869,0.0,0.0,SBIN.NS
2026-05-20 00:00:00+05:30,941.0999755859375,955.0,935.0,950.9000244140625,11928460,0.0,0.0,SBIN.NS
2026-05-21 00:00:00+05:30,957.0,960.9000244140625,946.5,950.9000244140625,11756520,0.0,0.0,SBIN.NS
2026-05-22 00:00:00+05:30,950.9000244140625,958.5999755859375,947.7000122070312,949.2000122070312,7807192,0.0,0.0,SBIN.NS
2026-05-25 00:00:00+05:30,959.9000244140625,972.5,957.5,969.5999755859375,10934747,0.0,0.0,SBIN.NS
2026-05-26 00:00:00+05:30,969.9000244140625,978.7999877929688,962.0999755859375,968.5,16269800,0.0,0.0,SBIN.NS
2026-05-27 00:00:00+05:30,969.7999877929688,975.9000244140625,966.5999755859375,967.7999877929688,8111259,0.0,0.0,SBIN.NS
2026-05-28 00:00:00+05:30,967.7999877929688,967.7999877929688,967.7999877929688,967.7999877929688,0,0.0,0.0,SBIN.NS
2026-05-29 00:00:00+05:30,967.7999877929688,973.7000122070312,960.2999877929688,964.4000244140625,22292535,0.0,0.0,SBIN.NS
2026-06-01 00:00:00+05:30,966.25,970.25,950.0999755859375,954.0999755859375,11118975,0.0,0.0,SBIN.NS
2026-06-02 00:00:00+05:30,950.9500122070312,961.2999877929688,939.9000244140625,956.6500244140625,15911760,0.0,0.0,SBIN.NS
2026-06-03 00:00:00+05:30,953.75,974.0,937.2000122070312,970.4500122070312,27947005,0.0,0.0,SBIN.NS
2026-06-04 00:00:00+05:30,969.9000244140625,985.7999877929688,961.0999755859375,979.25,18875883,0.0,0.0,SBIN.NS
2026-06-05 00:00:00+05:30,980.0,992.5999755859375,970.5999755859375,977.7000122070312,20955539,0.0,0.0,SBIN.NS
2026-06-08 00:00:00+05:30,966.0,988.6500244140625,965.1500244140625,981.9500122070312,12895416,0.0,0.0,SBIN.NS
2026-06-09 00:00:00+05:30,985.0,1009.0,983.0,1002.7000122070312,22142480,0.0,0.0,SBIN.NS
2026-06-10 00:00:00+05:30,1002.7000122070312,1012.4000244140625,999.5,1003.25,19122317,0.0,0.0,SBIN.NS
2026-06-11 00:00:00+05:30,998.0999755859375,1009.4000244140625,993.0,1000.7000122070312,13773978,0.0,0.0,SBIN.NS
2026-06-12 00:00:00+05:30,1018.0,1018.7000122070312,1004.3499755859375,1017.1500244140625,11081119,0.0,0.0,SBIN.NS
2026-06-15 00:00:00+05:30,1034.0,1034.0,1018.5,1020.8499755859375,12463437,0.0,0.0,SBIN.NS
2026-06-16 00:00:00+05:30,1023.7999877929688,1026.550048828125,1007.4000244140625,1015.2999877929688,9693677,0.0,0.0,SBIN.NS
2026-06-17 00:00:00+05:30,1017.0,1028.0999755859375,1013.4500122070312,1026.5,8190062,0.0,0.0,SBIN.NS
2026-06-18 00:00:00+05:30,1027.9000244140625,1045.699951171875,1024.449951171875,1042.699951171875,11048009,0.0,0.0,SBIN.NS
2026-06-19 00:00:00+05:30,1042.0,1042.0,1029.300048828125,1035.0999755859375,9099878,0.0,0.0,SBIN.NS
2026-06-22 00:00:00+05:30,1038.0,1041.6500244140625,1033.5999755859375,1040.300048828125,4892666,0.0,0.0,SBIN.NS
